timestamp,queried_movie,user_id,weight_content,weight_collab,recommended_titles,algorithm_used,execution_time_ms
2026-07-13 13:22:59,Destiny Night II,1,0.5,0.5,Destiny Night II | Algorithm Night II | Haunting Night | Curse of the Paris II | Cyborg Night II | Curse of the Empire II | Wilderness Night | Curse of the Deep Sea II | Time Night | Curse of the Artifact II,Hybrid (Content + Collab),2553.04
2026-07-13 13:23:02,The Cyborg Equation,1,0.5,0.5,Beyond the Love II | The Shadows Equation | The Empire Project II | The Deep Sea Equation II | Beyond the Galaxies | The Algorithm Project II | The AI Project II | Beyond the AI | Beyond the Haunting | The Revenge Equation II,Hybrid (Content + Collab),2439.48
2026-07-13 13:23:05,Tales of Algorithm II,1,0.5,0.5,Tales of Algorithm II | Tales of Algorithm II | Return of the Wilderness II | Tales of AI | Tales of High School II | Tales of Dreamer II | Return of the Cyborg | Return of the High School | Tales of Haunting II | Return of the Empire,Hybrid (Content + Collab),2701.21
2026-07-13 13:23:07,Curse of the Deep Sea II,1,0.5,0.5,Curse of the Deep Sea II | Curse of the AI II | The Last Empire II | Symphony Night II | Wilderness Night | Deep Sea Night II | Revenge Night II | Curse of the Shadows | Curse of the Dreamer | How to Galaxies II,Hybrid (Content + Collab),2759.4
2026-07-13 13:23:10,Diary of a Artifact II,1,0.5,0.5,Diary of a Artifact II | Diary of a Time | Diary of a Destiny II | Diary of a Wilderness II | Diary of a Paris II | Diary of a Cyborg II | Diary of a Destiny | Diary of a Paris II | Diary of a Haunting | Diary of a Destiny II,Hybrid (Content + Collab),2139.32
2026-07-13 13:23:12,Destiny Night II,1,0.5,0.5,Destiny Night II | Algorithm Night II | Haunting Night | Curse of the Paris II | Cyborg Night II | Curse of the Empire II | Wilderness Night | Curse of the Deep Sea II | Time Night | Curse of the Artifact II,Hybrid (Content + Collab),2051.58
2026-07-13 13:23:14,The Cyborg Equation,1,0.5,0.5,Beyond the Love II | The Shadows Equation | The Empire Project II | The Deep Sea Equation II | Beyond the Galaxies | The Algorithm Project II | The AI Project II | Beyond the AI | Beyond the Haunting | The Revenge Equation II,Hybrid (Content + Collab),2356.21
2026-07-13 13:23:17,Tales of Algorithm II,1,0.5,0.5,Tales of Algorithm II | Tales of Algorithm II | Return of the Wilderness II | Tales of AI | Tales of High School II | Tales of Dreamer II | Return of the Cyborg | Return of the High School | Tales of Haunting II | Return of the Empire,Hybrid (Content + Collab),2482.11
2026-07-13 13:23:19,Curse of the Deep Sea II,1,0.5,0.5,Curse of the Deep Sea II | Curse of the AI II | The Last Empire II | Symphony Night II | Wilderness Night | Deep Sea Night II | Revenge Night II | Curse of the Shadows | Curse of the Dreamer | How to Galaxies II,Hybrid (Content + Collab),2000.22
2026-07-13 13:23:21,Diary of a Artifact II,1,0.5,0.5,Diary of a Artifact II | Diary of a Time | Diary of a Destiny II | Diary of a Wilderness II | Diary of a Paris II | Diary of a Cyborg II | Diary of a Destiny | Diary of a Paris II | Diary of a Haunting | Diary of a Destiny II,Hybrid (Content + Collab),1919.04
2026-07-13 13:23:23,Whispers of the Artifact II,1,0.5,0.5,Whispers of the High School II | Whispers of the Galaxies II | Shadow of the Paris II | Shadow of the Time II | Shadow of the Haunting II | Whispers of the Galaxies II | Shadow of the Haunting | Shadow of the Cyborg II | Whispers of the Shadows II | Shadow of the Love II,Hybrid (Content + Collab),1913.44
2026-07-13 13:23:25,Beyond the Galaxies II,1,0.5,0.5,Beyond the Galaxies II | The Galaxies Project II | The Time Equation | The Paris Project II | The Deep Sea Equation II | The Wilderness Equation | Beyond the Algorithm | The Deep Sea Project II | Love in Dimension II | The Time Project II,Hybrid (Content + Collab),2661.77
2026-07-13 13:23:28,The Last Cyborg,1,0.5,0.5,The Last Love II | The Last Shadows | The Last Deep Sea | Chronicles of Cyborg | The Last Dreamer II | Chronicles of Deep Sea | Chronicles of Algorithm II | The Last Dimension II | Chronicles of Destiny | The Last Dimension II,Hybrid (Content + Collab),2381.1
2026-07-13 13:23:30,The Revenge Equation II,1,0.5,0.5,The Revenge Equation II | The Empire Equation II | The Pharaoh Project | The Dreamer Equation II | Beyond the AI II | The Empire Project II | The Empire Equation II | The Algorithm Project II | Whispers of the Love | The AI Project,Hybrid (Content + Collab),1900.55
2026-07-13 13:23:32,Secrets of the Galaxies,1,0.5,0.5,Secrets of the Dreamer II | Secrets of the Dreamer | Secrets of the AI II | Secrets of the High School II | Secrets of the Pharaoh II | Secrets of the AI II | Secrets of the Paris | Secrets of the Symphony | Curse of the Artifact II | Tales of Revenge II,Hybrid (Content + Collab),1828.99
2026-07-13 13:23:34,Diary of a Wilderness II,1,0.5,0.5,Diary of a Wilderness II | Diary of a Deep Sea | Diary of a Haunting II | Diary of a Pharaoh | Diary of a Paris II | Diary of a Pharaoh II | Diary of a Haunting II | Diary of a Haunting II | Tales of Dreamer | Diary of a Paris II,Hybrid (Content + Collab),2245.5
2026-07-13 13:23:36,The Last Algorithm,1,0.5,0.5,Chronicles of Pharaoh II | Chronicles of Haunting | The Last Deep Sea II | Tales of Algorithm II | Tales of Algorithm II | The Last AI | The Last Deep Sea II | Chronicles of Algorithm II | Chronicles of Dreamer II | The Last Revenge II,Hybrid (Content + Collab),2483.51
2026-07-13 13:23:39,Whispers of the Galaxies II,1,0.5,0.5,Whispers of the Galaxies II | Shadow of the Algorithm II | Whispers of the Artifact II | Shadow of the Revenge | Shadow of the Deep Sea | Whispers of the Shadows II | Shadow of the Love II | Whispers of the Symphony | Whispers of the Time II | Shadow of the Love II,Hybrid (Content + Collab),2359.91
2026-07-13 13:23:41,The Paris Escape II,1,0.5,0.5,The Artifact Escape | The Dreamer Heist II | The Dreamer Heist II | The Dimension Heist II | The Artifact Escape II | The Dimension Heist II | The Love Escape | The Deep Sea Heist II | Time Night | Love in Algorithm II,Hybrid (Content + Collab),2515.63
2026-07-13 13:23:44,The Paris Syndicate II,1,0.5,0.5,The Paris Syndicate II | The Revenge Syndicate | The Artifact Syndicate | The High School Syndicate II | The High School Syndicate II | The Time Syndicate | The Paris Syndicate | The Symphony Syndicate | The Deep Sea Syndicate | The Wilderness Syndicate II,Hybrid (Content + Collab),2463.66
2026-07-13 13:23:46,The Last Wilderness II,1,0.5,0.5,The Last Wilderness II | Chronicles of Love | Chronicles of Destiny | Chronicles of Shadows | Chronicles of Deep Sea II | The Last Symphony II | Chronicles of High School | Chronicles of Dimension II | Chronicles of Cyborg II | Chronicles of Love II,Hybrid (Content + Collab),2464.31
2026-07-13 13:23:49,The AI Equation II,1,0.5,0.5,The AI Equation II | Beyond the AI II | The Algorithm Project | The Galaxies Project | The Empire Project II | The Dreamer Project | The Dimension Project | The Deep Sea Equation II | The Paris Equation II | The Deep Sea Project II,Hybrid (Content + Collab),2369.21
2026-07-13 13:23:51,Curse of the Artifact II,1,0.5,0.5,Curse of the Artifact II | Cyborg Night II | Artifact Night | Curse of the Shadows | Tales of Dimension II | Symphony Night II | Curse of the Empire II | Cyborg Night II | Revenge Night | Curse of the AI II,Hybrid (Content + Collab),2415.62
2026-07-13 13:23:54,The Pharaoh Escape II,1,0.5,0.5,The Galaxies Escape II | The Dimension Escape II | The Symphony Escape II | The Artifact Escape | The Empire Escape II | The Time Syndicate | The AI Escape | Love in Dreamer | The Cyborg Heist II | The Pharaoh Project,Hybrid (Content + Collab),2342.01
2026-07-13 13:23:56,Curse of the Dreamer II,1,0.5,0.5,Curse of the Dreamer II | Curse of the High School II | Curse of the AI II | Revenge Night | Dreamer Night | Curse of the Empire | Curse of the Love II | Love Night II | Cyborg Night II | Paris Night,Hybrid (Content + Collab),2382.86
2026-07-13 13:23:59,Tales of High School II,1,0.5,0.5,Tales of High School II | Return of the Destiny | Tales of Algorithm II | Tales of Algorithm II | Tales of Haunting II | Tales of Time II | Tales of Time | Return of the Shadows II | Tales of AI | Tales of Deep Sea II,Hybrid (Content + Collab),2570.95
2026-07-13 13:24:01,The Artifact Heist,1,0.5,0.5,The Deep Sea Escape | The Artifact Heist II | The Love Heist | The Empire Heist II | The Symphony Escape | The Algorithm Heist II | The Dreamer Heist II | The Dimension Heist II | Love in High School | The Artifact Escape,Hybrid (Content + Collab),2314.56
2026-07-13 13:24:03,The Galaxies Escape II,1,0.5,0.5,The Galaxies Escape II | The Pharaoh Escape II | The High School Escape | The Dimension Escape II | The Dreamer Heist II | The Dreamer Escape II | The Artifact Escape II | The Dimension Escape II | The Time Syndicate | The Haunting Escape,Hybrid (Content + Collab),2285.09
2026-07-13 13:24:06,The Pharaoh Escape,1,0.5,0.5,The Algorithm Heist II | The Haunting Heist | The Dimension Heist II | The Empire Escape II | The Dreamer Heist II | The Cyborg Heist II | The Paris Heist | The Cyborg Heist | The AI Heist II | The Love Escape,Hybrid (Content + Collab),2273.92
2026-07-13 13:24:08,The Last Paris,1,0.5,0.5,The Last Dimension | Chronicles of Cyborg | The Last Wilderness | Chronicles of Love | The Last Destiny | Chronicles of Symphony | Chronicles of Artifact II | The Last AI II | Chronicles of Love II | The Last Time II,Hybrid (Content + Collab),2242.51
2026-07-13 13:24:10,Love in Deep Sea II,1,0.5,0.5,Love in Deep Sea II | Love in Destiny II | Love in Destiny II | Love in Destiny | Love in Paris II | Hearts in Cyborg II | Hearts in Deep Sea II | Love in Wilderness | Love in Artifact II | Love in Paris,Hybrid (Content + Collab),2313.03
2026-07-13 13:24:13,Shadow of the Love,1,0.5,0.5,Whispers of the Galaxies II | Whispers of the Galaxies II | Shadow of the Dreamer II | Shadow of the Algorithm | Shadow of the Love II | Whispers of the Time II | Shadow of the Love II | Whispers of the Love | The Algorithm Syndicate | Shadow of the Symphony,Hybrid (Content + Collab),2258.73
2026-07-13 13:24:15,Beyond the Algorithm II,1,0.5,0.5,Beyond the Algorithm II | Beyond the Destiny | The High School Project | The Empire Project II | The Algorithm Project | The Algorithm Project II | The Empire Project II | The Haunting Equation | Beyond the AI II | The Dreamer Project II,Hybrid (Content + Collab),2290.25
2026-07-13 13:24:17,How to Artifact II,1,0.5,0.5,How to Artifact II | Chasing AI II | How to Destiny II | How to Algorithm | How to Cyborg | How to Symphony II | Chasing Dimension II | How to Symphony | Chasing Destiny II | Chasing Pharaoh II,Hybrid (Content + Collab),2325.46
2026-07-13 13:24:20,Tales of Algorithm II,1,0.5,0.5,Tales of Algorithm II | Tales of Algorithm II | Return of the Wilderness II | Tales of AI | Tales of High School II | Tales of Dreamer II | Return of the Cyborg | Return of the High School | Tales of Haunting II | Return of the Empire,Hybrid (Content + Collab),2216.46
2026-07-13 13:26:20,The Artifact Escape II,1,0.5,0.5,The Dreamer Escape | The Empire Escape | The Symphony Heist II | The Empire Escape II | The Haunting Heist II | The Revenge Heist II | Hearts in Symphony II | The Cyborg Heist II | The Cyborg Escape II | The Artifact Heist,Hybrid (Content + Collab),304.0
2026-07-13 13:26:20,Love in Dimension,1,0.5,0.5,Hearts in Haunting | Hearts in Algorithm II | Love in Revenge | Love in Symphony II | Hearts in Wilderness | Love in High School II | Love in Dreamer II | Love in Revenge II | The Wilderness Escape II | Hearts in Galaxies II,Hybrid (Content + Collab),308.37
2026-07-13 13:26:21,Love in Empire II,1,0.5,0.5,Love in Empire II | Love in Pharaoh | Love in Deep Sea | Love in Symphony | Hearts in Destiny II | Love in Algorithm | Love in Pharaoh II | Hearts in Love | Love in Shadows II | Hearts in Pharaoh II,Hybrid (Content + Collab),305.22
2026-07-13 13:26:21,Chasing AI II,1,0.5,0.5,How to Deep Sea | Chasing Artifact | Chasing Paris | How to Dreamer II | Chasing Algorithm | Chasing Wilderness | Chasing Love II | Chasing High School | Chasing Deep Sea | How to Wilderness,Hybrid (Content + Collab),302.23
2026-07-13 13:26:21,Diary of a Symphony,1,0.5,0.5,Diary of a Revenge II | Diary of a AI | Diary of a Empire II | Diary of a Empire II | Diary of a Shadows | Diary of a Deep Sea II | Diary of a Cyborg | Diary of a High School | Diary of a Revenge | Return of the Pharaoh II,Hybrid (Content + Collab),296.75
2026-07-13 13:26:22,The Artifact Escape II,1,0.5,0.5,The Dreamer Escape | The Empire Escape | The Symphony Heist II | The Empire Escape II | The Haunting Heist II | The Revenge Heist II | Hearts in Symphony II | The Cyborg Heist II | The Cyborg Escape II | The Artifact Heist,Hybrid (Content + Collab),297.21
2026-07-13 13:26:22,Love in Dimension,1,0.5,0.5,Hearts in Haunting | Hearts in Algorithm II | Love in Revenge | Love in Symphony II | Hearts in Wilderness | Love in High School II | Love in Dreamer II | Love in Revenge II | The Wilderness Escape II | Hearts in Galaxies II,Hybrid (Content + Collab),284.94
2026-07-13 13:26:22,Love in Empire II,1,0.5,0.5,Love in Empire II | Love in Pharaoh | Love in Deep Sea | Love in Symphony | Hearts in Destiny II | Love in Algorithm | Love in Pharaoh II | Hearts in Love | Love in Shadows II | Hearts in Pharaoh II,Hybrid (Content + Collab),291.52
2026-07-13 13:26:23,Chasing AI II,1,0.5,0.5,How to Deep Sea | Chasing Artifact | Chasing Paris | How to Dreamer II | Chasing Algorithm | Chasing Wilderness | Chasing Love II | Chasing High School | Chasing Deep Sea | How to Wilderness,Hybrid (Content + Collab),315.83
2026-07-13 13:26:23,Diary of a Symphony,1,0.5,0.5,Diary of a Revenge II | Diary of a AI | Diary of a Empire II | Diary of a Empire II | Diary of a Shadows | Diary of a Deep Sea II | Diary of a Cyborg | Diary of a High School | Diary of a Revenge | Return of the Pharaoh II,Hybrid (Content + Collab),313.95
2026-07-13 13:26:23,Return of the Revenge II,1,0.5,0.5,Return of the Revenge II | Tales of Love II | Return of the Haunting II | Tales of High School | Tales of Shadows II | Tales of AI II | Return of the Dimension II | Return of the Shadows II | Return of the Destiny II | Return of the Time,Hybrid (Content + Collab),292.63
2026-07-13 13:26:24,The Haunting Project,1,0.5,0.5,The Wilderness Equation II | Beyond the Empire II | Beyond the Shadows II | Beyond the Time | The Dimension Project | The Algorithm Project II | The Haunting Syndicate | Beyond the Algorithm II | The Revenge Equation II | Beyond the Shadows,Hybrid (Content + Collab),301.05
2026-07-13 13:26:24,Shadow of the High School II,1,0.5,0.5,Shadow of the High School II | Whispers of the Shadows II | Shadow of the Galaxies II | Whispers of the Cyborg II | Whispers of the Algorithm | Whispers of the High School II | Shadow of the Symphony II | Whispers of the AI II | Shadow of the Deep Sea II | The Algorithm Equation,Hybrid (Content + Collab),302.44
2026-07-13 13:26:24,Hearts in AI II,1,0.5,0.5,Hearts in Love II | Love in Paris | Hearts in Algorithm II | Love in Deep Sea | Hearts in Destiny II | Hearts in Wilderness II | Hearts in Revenge II | Love in Love II | Hearts in Destiny | Hearts in Haunting II,Hybrid (Content + Collab),320.75
2026-07-13 13:26:25,The Time Equation,1,0.5,0.5,The Dimension Equation | Beyond the Destiny II | The Deep Sea Project II | Beyond the Pharaoh II | The Galaxies Project | The Revenge Project II | Beyond the Symphony II | Beyond the Love | Beyond the Shadows II | Beyond the Wilderness,Hybrid (Content + Collab),305.17
2026-07-13 13:26:25,Chasing Paris II,1,0.5,0.5,How to Pharaoh II | Chasing Time | Chasing Deep Sea II | How to Paris II | Chasing Cyborg II | How to Shadows | How to Pharaoh | Chasing Cyborg | Chasing Time II | How to Haunting,Hybrid (Content + Collab),287.46
2026-07-13 13:26:25,The Last AI,1,0.5,0.5,Chronicles of High School | The Last Pharaoh II | The Last High School | Hearts in Wilderness II | Chronicles of Dreamer | The Last Galaxies II | The Last Artifact II | The Love Syndicate II | The Last Wilderness II | Return of the Algorithm II,Hybrid (Content + Collab),292.18
2026-07-13 13:26:26,The Symphony Project,1,0.5,0.5,The Artifact Equation II | Beyond the Love II | The Love Project | Beyond the Pharaoh II | The Revenge Project II | Beyond the Galaxies II | Beyond the Artifact II | The Artifact Project II | Beyond the Deep Sea | Beyond the Dimension,Hybrid (Content + Collab),315.12
2026-07-13 13:26:26,Curse of the Time II,1,0.5,0.5,Curse of the Time II | Curse of the Dreamer | AI Night | Curse of the Haunting II | Empire Night | The High School Project II | Curse of the Artifact | Curse of the Paris | Diary of a AI II | Curse of the Symphony II,Hybrid (Content + Collab),296.23
2026-07-13 13:26:26,Tales of Symphony II,1,0.5,0.5,Tales of Symphony II | Tales of Deep Sea | Return of the Revenge II | The Last Wilderness | Tales of Empire II | Return of the Shadows II | Return of the Dimension II | Return of the Symphony II | The Dimension Project | Return of the Destiny,Hybrid (Content + Collab),380.54
2026-07-13 13:26:27,The Dreamer Heist,1,0.5,0.5,The Shadows Heist II | The Time Heist II | The High School Heist II | The High School Heist II | The Dimension Heist II | The Time Escape II | The High School Syndicate II | The Love Escape II | The Love Escape | The Deep Sea Heist,Hybrid (Content + Collab),292.82
2026-07-13 13:26:27,Return of the Empire,1,0.5,0.5,Return of the Destiny II | Tales of Paris II | Return of the Shadows II | Return of the Pharaoh II | Return of the High School II | Tales of Dreamer II | Return of the Artifact | Tales of AI II | Return of the Empire II | Tales of Artifact,Hybrid (Content + Collab),304.74
2026-07-13 13:26:27,Shadow of the Galaxies II,1,0.5,0.5,Shadow of the Galaxies II | Whispers of the Time | Shadow of the Algorithm II | Shadow of the Galaxies II | Whispers of the Dreamer | Shadow of the Paris II | The Last AI II | Shadow of the Dreamer | Shadow of the Artifact II | Shadow of the Wilderness II,Hybrid (Content + Collab),353.55
2026-07-13 13:26:28,Whispers of the AI II,1,0.5,0.5,Whispers of the AI II | Shadow of the Galaxies | Shadow of the Deep Sea II | Shadow of the Revenge | Whispers of the Algorithm II | Shadow of the Paris II | Shadow of the Shadows II | Whispers of the Artifact II | Whispers of the Time | Whispers of the Dimension II,Hybrid (Content + Collab),349.13
2026-07-13 13:26:28,Love in Destiny,1,0.5,0.5,Love in Revenge II | Hearts in Cyborg | Hearts in Cyborg II | Love in Paris II | Hearts in Love II | Hearts in Deep Sea II | Love in Love | Hearts in Artifact II | Love in Cyborg | Hearts in Dimension,Hybrid (Content + Collab),301.97
2026-07-13 13:26:29,How to Deep Sea II,1,0.5,0.5,How to Deep Sea II | How to Deep Sea II | Chasing Pharaoh | Chasing Time II | How to Dreamer II | How to Dimension | Chasing Shadows | How to Pharaoh | How to Time II | Chasing Wilderness II,Hybrid (Content + Collab),370.63
2026-07-13 13:26:29,Beyond the Empire,1,0.5,0.5,Beyond the Paris | The Revenge Equation II | Beyond the Pharaoh II | Beyond the Shadows II | The Algorithm Equation II | Beyond the Pharaoh | The Dreamer Equation | The Revenge Project II | The Haunting Project II | The Paris Project,Hybrid (Content + Collab),379.79
2026-07-13 13:26:30,Whispers of the High School II,1,0.5,0.5,Whispers of the High School II | Whispers of the Algorithm | Whispers of the Paris | Whispers of the Galaxies | Shadow of the Empire II | Shadow of the Time II | Shadow of the Time | Whispers of the AI II | Beyond the Dimension II | Shadow of the Revenge,Hybrid (Content + Collab),385.68
2026-07-13 13:26:30,The Destiny Heist II,1,0.5,0.5,The Destiny Heist II | The Cyborg Escape II | The Artifact Escape | The Wilderness Escape II | The Galaxies Heist | The Symphony Heist II | The High School Heist | The Shadows Heist II | The Love Escape II | The Time Escape II,Hybrid (Content + Collab),377.18
2026-07-13 13:26:30,Shadow of the Artifact II,1,0.5,0.5,Shadow of the Artifact II | Shadow of the Wilderness II | Shadow of the Symphony II | Shadow of the AI | Shadow of the Galaxies II | Whispers of the Empire | Love in Empire II | The Deep Sea Escape | Shadow of the Artifact | Shadow of the Cyborg,Hybrid (Content + Collab),388.66
2026-07-13 13:26:31,Tales of Love,1,0.5,0.5,Return of the Dreamer II | Return of the Symphony II | Tales of Cyborg | Tales of Paris II | Return of the Destiny II | Return of the Dreamer II | Return of the Algorithm | Return of the Shadows | Return of the Artifact | Return of the AI,Hybrid (Content + Collab),359.33
2026-07-13 13:26:31,The Last Shadows II,1,0.5,0.5,The Last Shadows II | Chronicles of Dimension | Chronicles of Galaxies II | Chronicles of Pharaoh | The Last Wilderness | The Last Revenge | Chronicles of Empire II | Chronicles of Deep Sea | Hearts in Empire II | Chronicles of Love II,Hybrid (Content + Collab),336.85
2026-07-13 13:26:32,Shadow of the Cyborg II,1,0.5,0.5,Whispers of the Dreamer | Whispers of the Artifact | Shadow of the Destiny II | Whispers of the Algorithm II | Shadow of the Paris II | Shadow of the Empire | Whispers of the Symphony | Whispers of the Haunting | Shadow of the Time II | Whispers of the Dimension II,Hybrid (Content + Collab),334.28
2026-07-13 13:26:32,Hearts in Dimension,1,0.5,0.5,Love in Galaxies II | Hearts in Dreamer II | Hearts in Deep Sea II | Hearts in Symphony II | Hearts in AI | Love in Revenge II | Love in Haunting | Hearts in Destiny II | Love in Artifact | Love in Cyborg,Hybrid (Content + Collab),384.02
2026-07-13 13:26:32,Chronicles of Cyborg II,1,0.5,0.5,Chronicles of Haunting | Chronicles of Dimension II | The Last Deep Sea II | Love in Paris | Chronicles of Artifact | The Last Deep Sea II | Chronicles of Algorithm II | Chronicles of Wilderness II | The Time Project | Chronicles of Destiny II,Hybrid (Content + Collab),307.31
2026-07-13 13:27:11,The Artifact Escape II,1,0.5,0.5,The Dreamer Escape | The Empire Escape | The Symphony Heist II | The Empire Escape II | The Haunting Heist II | The Revenge Heist II | Hearts in Symphony II | The Cyborg Heist II | The Cyborg Escape II | The Artifact Heist,Hybrid (Content + Collab),125.36
2026-07-13 13:27:11,Love in Dimension,1,0.5,0.5,Hearts in Haunting | Hearts in Algorithm II | Love in Revenge | Love in Symphony II | Hearts in Wilderness | Love in High School II | Love in Dreamer II | Love in Revenge II | The Wilderness Escape II | Hearts in Galaxies II,Hybrid (Content + Collab),124.71
2026-07-13 13:27:11,Love in Empire II,1,0.5,0.5,Love in Empire II | Love in Pharaoh | Love in Deep Sea | Love in Symphony | Hearts in Destiny II | Love in Algorithm | Love in Pharaoh II | Hearts in Love | Love in Shadows II | Hearts in Pharaoh II,Hybrid (Content + Collab),138.32
2026-07-13 13:27:11,Chasing AI II,1,0.5,0.5,How to Deep Sea | Chasing Artifact | Chasing Paris | How to Dreamer II | Chasing Algorithm | Chasing Wilderness | Chasing Love II | Chasing High School | Chasing Deep Sea | How to Wilderness,Hybrid (Content + Collab),121.15
2026-07-13 13:27:11,Diary of a Symphony,1,0.5,0.5,Diary of a Revenge II | Diary of a AI | Diary of a Empire II | Diary of a Empire II | Diary of a Shadows | Diary of a Deep Sea II | Diary of a Cyborg | Diary of a High School | Diary of a Revenge | Return of the Pharaoh II,Hybrid (Content + Collab),137.03
2026-07-13 13:27:11,The Artifact Escape II,1,0.5,0.5,The Dreamer Escape | The Empire Escape | The Symphony Heist II | The Empire Escape II | The Haunting Heist II | The Revenge Heist II | Hearts in Symphony II | The Cyborg Heist II | The Cyborg Escape II | The Artifact Heist,Hybrid (Content + Collab),125.26
2026-07-13 13:27:12,Love in Dimension,1,0.5,0.5,Hearts in Haunting | Hearts in Algorithm II | Love in Revenge | Love in Symphony II | Hearts in Wilderness | Love in High School II | Love in Dreamer II | Love in Revenge II | The Wilderness Escape II | Hearts in Galaxies II,Hybrid (Content + Collab),133.23
2026-07-13 13:27:12,Love in Empire II,1,0.5,0.5,Love in Empire II | Love in Pharaoh | Love in Deep Sea | Love in Symphony | Hearts in Destiny II | Love in Algorithm | Love in Pharaoh II | Hearts in Love | Love in Shadows II | Hearts in Pharaoh II,Hybrid (Content + Collab),116.59
2026-07-13 13:27:12,Chasing AI II,1,0.5,0.5,How to Deep Sea | Chasing Artifact | Chasing Paris | How to Dreamer II | Chasing Algorithm | Chasing Wilderness | Chasing Love II | Chasing High School | Chasing Deep Sea | How to Wilderness,Hybrid (Content + Collab),120.67
2026-07-13 13:27:12,Diary of a Symphony,1,0.5,0.5,Diary of a Revenge II | Diary of a AI | Diary of a Empire II | Diary of a Empire II | Diary of a Shadows | Diary of a Deep Sea II | Diary of a Cyborg | Diary of a High School | Diary of a Revenge | Return of the Pharaoh II,Hybrid (Content + Collab),128.37
2026-07-13 13:27:12,Return of the Revenge II,1,0.5,0.5,Return of the Revenge II | Tales of Love II | Return of the Haunting II | Tales of High School | Tales of Shadows II | Tales of AI II | Return of the Dimension II | Return of the Shadows II | Return of the Destiny II | Return of the Time,Hybrid (Content + Collab),127.37
2026-07-13 13:27:12,The Haunting Project,1,0.5,0.5,The Wilderness Equation II | Beyond the Empire II | Beyond the Shadows II | Beyond the Time | The Dimension Project | The Algorithm Project II | The Haunting Syndicate | Beyond the Algorithm II | The Revenge Equation II | Beyond the Shadows,Hybrid (Content + Collab),137.64
2026-07-13 13:27:13,Shadow of the High School II,1,0.5,0.5,Shadow of the High School II | Whispers of the Shadows II | Shadow of the Galaxies II | Whispers of the Cyborg II | Whispers of the Algorithm | Whispers of the High School II | Shadow of the Symphony II | Whispers of the AI II | Shadow of the Deep Sea II | The Algorithm Equation,Hybrid (Content + Collab),151.86
2026-07-13 13:27:13,Hearts in AI II,1,0.5,0.5,Hearts in Love II | Love in Paris | Hearts in Algorithm II | Love in Deep Sea | Hearts in Destiny II | Hearts in Wilderness II | Hearts in Revenge II | Love in Love II | Hearts in Destiny | Hearts in Haunting II,Hybrid (Content + Collab),164.7
2026-07-13 13:27:13,The Time Equation,1,0.5,0.5,The Dimension Equation | Beyond the Destiny II | The Deep Sea Project II | Beyond the Pharaoh II | The Galaxies Project | The Revenge Project II | Beyond the Symphony II | Beyond the Love | Beyond the Shadows II | Beyond the Wilderness,Hybrid (Content + Collab),159.61
2026-07-13 13:27:13,Chasing Paris II,1,0.5,0.5,How to Pharaoh II | Chasing Time | Chasing Deep Sea II | How to Paris II | Chasing Cyborg II | How to Shadows | How to Pharaoh | Chasing Cyborg | Chasing Time II | How to Haunting,Hybrid (Content + Collab),175.62
2026-07-13 13:27:13,The Last AI,1,0.5,0.5,Chronicles of High School | The Last Pharaoh II | The Last High School | Hearts in Wilderness II | Chronicles of Dreamer | The Last Galaxies II | The Last Artifact II | The Love Syndicate II | The Last Wilderness II | Return of the Algorithm II,Hybrid (Content + Collab),159.39
2026-07-13 13:27:14,The Symphony Project,1,0.5,0.5,The Artifact Equation II | Beyond the Love II | The Love Project | Beyond the Pharaoh II | The Revenge Project II | Beyond the Galaxies II | Beyond the Artifact II | The Artifact Project II | Beyond the Deep Sea | Beyond the Dimension,Hybrid (Content + Collab),137.25
2026-07-13 13:27:14,Curse of the Time II,1,0.5,0.5,Curse of the Time II | Curse of the Dreamer | AI Night | Curse of the Haunting II | Empire Night | The High School Project II | Curse of the Artifact | Curse of the Paris | Diary of a AI II | Curse of the Symphony II,Hybrid (Content + Collab),163.79
2026-07-13 13:27:14,Tales of Symphony II,1,0.5,0.5,Tales of Symphony II | Tales of Deep Sea | Return of the Revenge II | The Last Wilderness | Tales of Empire II | Return of the Shadows II | Return of the Dimension II | Return of the Symphony II | The Dimension Project | Return of the Destiny,Hybrid (Content + Collab),153.29
2026-07-13 13:27:14,The Dreamer Heist,1,0.5,0.5,The Shadows Heist II | The Time Heist II | The High School Heist II | The High School Heist II | The Dimension Heist II | The Time Escape II | The High School Syndicate II | The Love Escape II | The Love Escape | The Deep Sea Heist,Hybrid (Content + Collab),160.07
2026-07-13 13:27:14,Return of the Empire,1,0.5,0.5,Return of the Destiny II | Tales of Paris II | Return of the Shadows II | Return of the Pharaoh II | Return of the High School II | Tales of Dreamer II | Return of the Artifact | Tales of AI II | Return of the Empire II | Tales of Artifact,Hybrid (Content + Collab),126.6
2026-07-13 13:27:15,Shadow of the Galaxies II,1,0.5,0.5,Shadow of the Galaxies II | Whispers of the Time | Shadow of the Algorithm II | Shadow of the Galaxies II | Whispers of the Dreamer | Shadow of the Paris II | The Last AI II | Shadow of the Dreamer | Shadow of the Artifact II | Shadow of the Wilderness II,Hybrid (Content + Collab),117.21
2026-07-13 13:27:15,Whispers of the AI II,1,0.5,0.5,Whispers of the AI II | Shadow of the Galaxies | Shadow of the Deep Sea II | Shadow of the Revenge | Whispers of the Algorithm II | Shadow of the Paris II | Shadow of the Shadows II | Whispers of the Artifact II | Whispers of the Time | Whispers of the Dimension II,Hybrid (Content + Collab),122.72
2026-07-13 13:27:15,Love in Destiny,1,0.5,0.5,Love in Revenge II | Hearts in Cyborg | Hearts in Cyborg II | Love in Paris II | Hearts in Love II | Hearts in Deep Sea II | Love in Love | Hearts in Artifact II | Love in Cyborg | Hearts in Dimension,Hybrid (Content + Collab),122.07
2026-07-13 13:27:15,How to Deep Sea II,1,0.5,0.5,How to Deep Sea II | How to Deep Sea II | Chasing Pharaoh | Chasing Time II | How to Dreamer II | How to Dimension | Chasing Shadows | How to Pharaoh | How to Time II | Chasing Wilderness II,Hybrid (Content + Collab),114.34
2026-07-13 13:27:15,Beyond the Empire,1,0.5,0.5,Beyond the Paris | The Revenge Equation II | Beyond the Pharaoh II | Beyond the Shadows II | The Algorithm Equation II | Beyond the Pharaoh | The Dreamer Equation | The Revenge Project II | The Haunting Project II | The Paris Project,Hybrid (Content + Collab),120.97
2026-07-13 13:27:15,Whispers of the High School II,1,0.5,0.5,Whispers of the High School II | Whispers of the Algorithm | Whispers of the Paris | Whispers of the Galaxies | Shadow of the Empire II | Shadow of the Time II | Shadow of the Time | Whispers of the AI II | Beyond the Dimension II | Shadow of the Revenge,Hybrid (Content + Collab),118.0
2026-07-13 13:27:16,The Destiny Heist II,1,0.5,0.5,The Destiny Heist II | The Cyborg Escape II | The Artifact Escape | The Wilderness Escape II | The Galaxies Heist | The Symphony Heist II | The High School Heist | The Shadows Heist II | The Love Escape II | The Time Escape II,Hybrid (Content + Collab),119.84
2026-07-13 13:27:16,Shadow of the Artifact II,1,0.5,0.5,Shadow of the Artifact II | Shadow of the Wilderness II | Shadow of the Symphony II | Shadow of the AI | Shadow of the Galaxies II | Whispers of the Empire | Love in Empire II | The Deep Sea Escape | Shadow of the Artifact | Shadow of the Cyborg,Hybrid (Content + Collab),131.71
2026-07-13 13:27:16,Tales of Love,1,0.5,0.5,Return of the Dreamer II | Return of the Symphony II | Tales of Cyborg | Tales of Paris II | Return of the Destiny II | Return of the Dreamer II | Return of the Algorithm | Return of the Shadows | Return of the Artifact | Return of the AI,Hybrid (Content + Collab),116.34
2026-07-13 13:27:16,The Last Shadows II,1,0.5,0.5,The Last Shadows II | Chronicles of Dimension | Chronicles of Galaxies II | Chronicles of Pharaoh | The Last Wilderness | The Last Revenge | Chronicles of Empire II | Chronicles of Deep Sea | Hearts in Empire II | Chronicles of Love II,Hybrid (Content + Collab),136.46
2026-07-13 13:27:16,Shadow of the Cyborg II,1,0.5,0.5,Whispers of the Dreamer | Whispers of the Artifact | Shadow of the Destiny II | Whispers of the Algorithm II | Shadow of the Paris II | Shadow of the Empire | Whispers of the Symphony | Whispers of the Haunting | Shadow of the Time II | Whispers of the Dimension II,Hybrid (Content + Collab),135.58
2026-07-13 13:27:16,Hearts in Dimension,1,0.5,0.5,Love in Galaxies II | Hearts in Dreamer II | Hearts in Deep Sea II | Hearts in Symphony II | Hearts in AI | Love in Revenge II | Love in Haunting | Hearts in Destiny II | Love in Artifact | Love in Cyborg,Hybrid (Content + Collab),117.5
2026-07-13 13:27:16,Chronicles of Cyborg II,1,0.5,0.5,Chronicles of Haunting | Chronicles of Dimension II | The Last Deep Sea II | Love in Paris | Chronicles of Artifact | The Last Deep Sea II | Chronicles of Algorithm II | Chronicles of Wilderness II | The Time Project | Chronicles of Destiny II,Hybrid (Content + Collab),122.87
2026-07-13 13:29:10,The Artifact Escape II,1,0.5,0.5,The Dreamer Escape | The Empire Escape | The Symphony Heist II | The Empire Escape II | The Haunting Heist II | The Revenge Heist II | Hearts in Symphony II | The Cyborg Heist II | The Cyborg Escape II | The Artifact Heist,Hybrid (Content + Collab),129.39
2026-07-13 13:29:11,Love in Dimension,1,0.5,0.5,Hearts in Haunting | Hearts in Algorithm II | Love in Revenge | Love in Symphony II | Hearts in Wilderness | Love in High School II | Love in Dreamer II | Love in Revenge II | The Wilderness Escape II | Hearts in Galaxies II,Hybrid (Content + Collab),111.36
2026-07-13 13:29:11,Love in Empire II,1,0.5,0.5,Love in Empire II | Love in Pharaoh | Love in Deep Sea | Love in Symphony | Hearts in Destiny II | Love in Algorithm | Love in Pharaoh II | Hearts in Love | Love in Shadows II | Hearts in Pharaoh II,Hybrid (Content + Collab),156.11
2026-07-13 13:29:11,Chasing AI II,1,0.5,0.5,How to Deep Sea | Chasing Artifact | Chasing Paris | How to Dreamer II | Chasing Algorithm | Chasing Wilderness | Chasing Love II | Chasing High School | Chasing Deep Sea | How to Wilderness,Hybrid (Content + Collab),164.99
2026-07-13 13:29:11,Diary of a Symphony,1,0.5,0.5,Diary of a Revenge II | Diary of a AI | Diary of a Empire II | Diary of a Empire II | Diary of a Shadows | Diary of a Deep Sea II | Diary of a Cyborg | Diary of a High School | Diary of a Revenge | Return of the Pharaoh II,Hybrid (Content + Collab),152.73
2026-07-13 13:29:11,The Artifact Escape II,1,0.5,0.5,The Dreamer Escape | The Empire Escape | The Symphony Heist II | The Empire Escape II | The Haunting Heist II | The Revenge Heist II | Hearts in Symphony II | The Cyborg Heist II | The Cyborg Escape II | The Artifact Heist,Hybrid (Content + Collab),139.15
2026-07-13 13:29:12,Love in Dimension,1,0.5,0.5,Hearts in Haunting | Hearts in Algorithm II | Love in Revenge | Love in Symphony II | Hearts in Wilderness | Love in High School II | Love in Dreamer II | Love in Revenge II | The Wilderness Escape II | Hearts in Galaxies II,Hybrid (Content + Collab),135.78
2026-07-13 13:29:12,Love in Empire II,1,0.5,0.5,Love in Empire II | Love in Pharaoh | Love in Deep Sea | Love in Symphony | Hearts in Destiny II | Love in Algorithm | Love in Pharaoh II | Hearts in Love | Love in Shadows II | Hearts in Pharaoh II,Hybrid (Content + Collab),142.12
2026-07-13 13:29:12,Chasing AI II,1,0.5,0.5,How to Deep Sea | Chasing Artifact | Chasing Paris | How to Dreamer II | Chasing Algorithm | Chasing Wilderness | Chasing Love II | Chasing High School | Chasing Deep Sea | How to Wilderness,Hybrid (Content + Collab),134.74
2026-07-13 13:29:12,Diary of a Symphony,1,0.5,0.5,Diary of a Revenge II | Diary of a AI | Diary of a Empire II | Diary of a Empire II | Diary of a Shadows | Diary of a Deep Sea II | Diary of a Cyborg | Diary of a High School | Diary of a Revenge | Return of the Pharaoh II,Hybrid (Content + Collab),140.73
2026-07-13 13:29:12,Return of the Revenge II,1,0.5,0.5,Return of the Revenge II | Tales of Love II | Return of the Haunting II | Tales of High School | Tales of Shadows II | Tales of AI II | Return of the Dimension II | Return of the Shadows II | Return of the Destiny II | Return of the Time,Hybrid (Content + Collab),140.19
2026-07-13 13:29:12,The Haunting Project,1,0.5,0.5,The Wilderness Equation II | Beyond the Empire II | Beyond the Shadows II | Beyond the Time | The Dimension Project | The Algorithm Project II | The Haunting Syndicate | Beyond the Algorithm II | The Revenge Equation II | Beyond the Shadows,Hybrid (Content + Collab),117.51
2026-07-13 13:29:13,Shadow of the High School II,1,0.5,0.5,Shadow of the High School II | Whispers of the Shadows II | Shadow of the Galaxies II | Whispers of the Cyborg II | Whispers of the Algorithm | Whispers of the High School II | Shadow of the Symphony II | Whispers of the AI II | Shadow of the Deep Sea II | The Algorithm Equation,Hybrid (Content + Collab),114.42
2026-07-13 13:29:13,Hearts in AI II,1,0.5,0.5,Hearts in Love II | Love in Paris | Hearts in Algorithm II | Love in Deep Sea | Hearts in Destiny II | Hearts in Wilderness II | Hearts in Revenge II | Love in Love II | Hearts in Destiny | Hearts in Haunting II,Hybrid (Content + Collab),111.15
2026-07-13 13:29:13,The Time Equation,1,0.5,0.5,The Dimension Equation | Beyond the Destiny II | The Deep Sea Project II | Beyond the Pharaoh II | The Galaxies Project | The Revenge Project II | Beyond the Symphony II | Beyond the Love | Beyond the Shadows II | Beyond the Wilderness,Hybrid (Content + Collab),103.92
2026-07-13 13:29:13,Chasing Paris II,1,0.5,0.5,How to Pharaoh II | Chasing Time | Chasing Deep Sea II | How to Paris II | Chasing Cyborg II | How to Shadows | How to Pharaoh | Chasing Cyborg | Chasing Time II | How to Haunting,Hybrid (Content + Collab),101.95
2026-07-13 13:29:13,The Last AI,1,0.5,0.5,Chronicles of High School | The Last Pharaoh II | The Last High School | Hearts in Wilderness II | Chronicles of Dreamer | The Last Galaxies II | The Last Artifact II | The Love Syndicate II | The Last Wilderness II | Return of the Algorithm II,Hybrid (Content + Collab),116.91
2026-07-13 13:29:13,The Symphony Project,1,0.5,0.5,The Artifact Equation II | Beyond the Love II | The Love Project | Beyond the Pharaoh II | The Revenge Project II | Beyond the Galaxies II | Beyond the Artifact II | The Artifact Project II | Beyond the Deep Sea | Beyond the Dimension,Hybrid (Content + Collab),109.34
2026-07-13 13:29:13,Curse of the Time II,1,0.5,0.5,Curse of the Time II | Curse of the Dreamer | AI Night | Curse of the Haunting II | Empire Night | The High School Project II | Curse of the Artifact | Curse of the Paris | Diary of a AI II | Curse of the Symphony II,Hybrid (Content + Collab),106.2
2026-07-13 13:29:14,Tales of Symphony II,1,0.5,0.5,Tales of Symphony II | Tales of Deep Sea | Return of the Revenge II | The Last Wilderness | Tales of Empire II | Return of the Shadows II | Return of the Dimension II | Return of the Symphony II | The Dimension Project | Return of the Destiny,Hybrid (Content + Collab),113.71
2026-07-13 13:29:14,The Dreamer Heist,1,0.5,0.5,The Shadows Heist II | The Time Heist II | The High School Heist II | The High School Heist II | The Dimension Heist II | The Time Escape II | The High School Syndicate II | The Love Escape II | The Love Escape | The Deep Sea Heist,Hybrid (Content + Collab),116.61
2026-07-13 13:29:14,Return of the Empire,1,0.5,0.5,Return of the Destiny II | Tales of Paris II | Return of the Shadows II | Return of the Pharaoh II | Return of the High School II | Tales of Dreamer II | Return of the Artifact | Tales of AI II | Return of the Empire II | Tales of Artifact,Hybrid (Content + Collab),116.46
2026-07-13 13:29:14,Shadow of the Galaxies II,1,0.5,0.5,Shadow of the Galaxies II | Whispers of the Time | Shadow of the Algorithm II | Shadow of the Galaxies II | Whispers of the Dreamer | Shadow of the Paris II | The Last AI II | Shadow of the Dreamer | Shadow of the Artifact II | Shadow of the Wilderness II,Hybrid (Content + Collab),113.96
2026-07-13 13:29:14,Whispers of the AI II,1,0.5,0.5,Whispers of the AI II | Shadow of the Galaxies | Shadow of the Deep Sea II | Shadow of the Revenge | Whispers of the Algorithm II | Shadow of the Paris II | Shadow of the Shadows II | Whispers of the Artifact II | Whispers of the Time | Whispers of the Dimension II,Hybrid (Content + Collab),114.55
2026-07-13 13:29:14,Love in Destiny,1,0.5,0.5,Love in Revenge II | Hearts in Cyborg | Hearts in Cyborg II | Love in Paris II | Hearts in Love II | Hearts in Deep Sea II | Love in Love | Hearts in Artifact II | Love in Cyborg | Hearts in Dimension,Hybrid (Content + Collab),104.25
2026-07-13 13:29:14,How to Deep Sea II,1,0.5,0.5,How to Deep Sea II | How to Deep Sea II | Chasing Pharaoh | Chasing Time II | How to Dreamer II | How to Dimension | Chasing Shadows | How to Pharaoh | How to Time II | Chasing Wilderness II,Hybrid (Content + Collab),102.96
2026-07-13 13:29:15,Beyond the Empire,1,0.5,0.5,Beyond the Paris | The Revenge Equation II | Beyond the Pharaoh II | Beyond the Shadows II | The Algorithm Equation II | Beyond the Pharaoh | The Dreamer Equation | The Revenge Project II | The Haunting Project II | The Paris Project,Hybrid (Content + Collab),106.41
2026-07-13 13:29:15,Whispers of the High School II,1,0.5,0.5,Whispers of the High School II | Whispers of the Algorithm | Whispers of the Paris | Whispers of the Galaxies | Shadow of the Empire II | Shadow of the Time II | Shadow of the Time | Whispers of the AI II | Beyond the Dimension II | Shadow of the Revenge,Hybrid (Content + Collab),101.62
2026-07-13 13:29:15,The Destiny Heist II,1,0.5,0.5,The Destiny Heist II | The Cyborg Escape II | The Artifact Escape | The Wilderness Escape II | The Galaxies Heist | The Symphony Heist II | The High School Heist | The Shadows Heist II | The Love Escape II | The Time Escape II,Hybrid (Content + Collab),107.83
2026-07-13 13:29:15,Shadow of the Artifact II,1,0.5,0.5,Shadow of the Artifact II | Shadow of the Wilderness II | Shadow of the Symphony II | Shadow of the AI | Shadow of the Galaxies II | Whispers of the Empire | Love in Empire II | The Deep Sea Escape | Shadow of the Artifact | Shadow of the Cyborg,Hybrid (Content + Collab),112.67
2026-07-13 13:29:15,Tales of Love,1,0.5,0.5,Return of the Dreamer II | Return of the Symphony II | Tales of Cyborg | Tales of Paris II | Return of the Destiny II | Return of the Dreamer II | Return of the Algorithm | Return of the Shadows | Return of the Artifact | Return of the AI,Hybrid (Content + Collab),117.85
2026-07-13 13:29:15,The Last Shadows II,1,0.5,0.5,The Last Shadows II | Chronicles of Dimension | Chronicles of Galaxies II | Chronicles of Pharaoh | The Last Wilderness | The Last Revenge | Chronicles of Empire II | Chronicles of Deep Sea | Hearts in Empire II | Chronicles of Love II,Hybrid (Content + Collab),134.05
2026-07-13 13:29:16,Shadow of the Cyborg II,1,0.5,0.5,Whispers of the Dreamer | Whispers of the Artifact | Shadow of the Destiny II | Whispers of the Algorithm II | Shadow of the Paris II | Shadow of the Empire | Whispers of the Symphony | Whispers of the Haunting | Shadow of the Time II | Whispers of the Dimension II,Hybrid (Content + Collab),121.52
2026-07-13 13:29:16,Hearts in Dimension,1,0.5,0.5,Love in Galaxies II | Hearts in Dreamer II | Hearts in Deep Sea II | Hearts in Symphony II | Hearts in AI | Love in Revenge II | Love in Haunting | Hearts in Destiny II | Love in Artifact | Love in Cyborg,Hybrid (Content + Collab),124.22
2026-07-13 13:29:16,Chronicles of Cyborg II,1,0.5,0.5,Chronicles of Haunting | Chronicles of Dimension II | The Last Deep Sea II | Love in Paris | Chronicles of Artifact | The Last Deep Sea II | Chronicles of Algorithm II | Chronicles of Wilderness II | The Time Project | Chronicles of Destiny II,Hybrid (Content + Collab),106.37
2026-07-13 13:34:46,Inception,Anonymous,0.5,0.5,The Deep Sea Equation II | The Pharaoh Heist | Return of the Paris II | Beyond the Dimension | Whispers of the Pharaoh | Chronicles of Love | Hearts in Wilderness II | Beyond the Pharaoh II | The Empire Escape | The Time Escape,Hybrid (Content + Collab),174.41
2026-07-13 13:39:12,Inception,1,0.5,0.5,The Deep Sea Equation II | Return of the Paris II | Hearts in Wilderness II | Shadow of the Algorithm II | Whispers of the Empire | Diary of a Pharaoh | Beyond the Dimension | Beyond the Dreamer II | The AI Equation | Beyond the Pharaoh II,Hybrid (Content + Collab),156.02
